{"results": {"ResonanceFrequency_Hz": {"description": "Transmitter: frequency", "display_level": 2, "display_name": "Transmitter: frequency", "display_position": 1082, "constraint_is_active": true, "units": "Hz", "decimals": 0, "constraint_refminlowhighmax": [63674359, -0.002, -0.001, 0.001, 0.002]}, "GeometryX": {"description": "Horizontale diameter van ACR fantoom", "display_level": 2, "display_name": "Geometrie: diameter X", "display_position": 1013, "constraint_is_active": true, "units": "mm", "decimals": 2, "constraint_minlowhighmax": [188.5, 189, 191, 191.5]}, "GeometryY": {"description": "", "display_level": 0, "display_name": "", "display_position": 0, "constraint_is_active": false, "units": "", "decimals": null}, "AcquisitionDateTime": {"description": "date and time of acquisition", "display_level": 2, "display_name": "Date Time", "display_position": 1000, "constraint_is_active": true, "units": "", "constraint_period": 30, "decimals": null}, "GeometryXY_diameter_X_mm": {"description": "Horizontale diameter van ACR fantoom", "display_level": 2, "display_name": "Geometrie: diameter X", "display_position": 1013, "constraint_is_active": true, "units": "mm", "constraint_minlowhighmax": [188.5, 189, 191, 191.5], "decimals": 2}, "GeometryXY_diameter_Y_mm": {"description": "Verticale diameter van ACR fantoom", "display_level": 2, "display_name": "Geometrie: diameter Y", "display_position": 1014, "constraint_is_active": true, "units": "mm", "decimals": 2, "constraint_minlowhighmax": [188.5, 189, 191, 191.5]}, "GeometryZ_length_mm": {"description": "Lengte van ACR fantoom", "display_level": 2, "display_name": "Geometrie: lengte Z", "display_position": 1015, "constraint_is_active": true, "units": "mm", "constraint_minlowhighmax": [146, 146.5, 148.5, 149], "decimals": 2}, "GhostingCol_percent": {"description": "Ghosting verticale richting (column)", "display_level": 2, "display_name": "Ghosting: column", "display_position": 1051, "constraint_is_active": true, "units": "%", "decimals": 2, "constraint_minlowhighmax": [null, null, 0.5, 1]}, "GhostingRow_percent": {"description": "Ghosting in horizontale richting (row)", "display_level": 2, "display_name": "Ghosting: row", "display_position": 1050, "constraint_is_active": true, "units": "%", "decimals": 2, "constraint_minlowhighmax": [null, null, 0.5, 1]}, "ImageUniformity_percent": {"description": "Uniformiteit van beeldintensiteit", "display_level": 2, "display_name": "Uniformiteit", "display_position": 1060, "constraint_is_active": true, "units": "%", "decimals": 0, "constraint_refminlowhighmax": [66.5, -6, -3, 3, 6]}, "SNR_CombinedCoils": {"description": "SNR: combined coils", "display_level": "2", "display_name": "SNR: combined coils", "display_position": "1030", "constraint_is_active": true, "units": "", "decimals": "0", "constraint_refminlowhighmax": [206, -20, -10, 10, 20]}, "B0_uniformity_ppm": {"description": "Homogeniteit van het statisch magneetveld", "display_level": 2, "display_name": "B0 homogeniteit", "display_position": 1072, "constraint_is_active": true, "units": "ppm", "decimals": 2, "constraint_minlowhighmax": [null, null, 1.5, 2]}, "GeometryXY_series_info": {"description": "Series used for XY geometry", "display_level": 1, "display_name": "Series used for XY geometry", "display_position": 1010, "constraint_is_active": false, "units": "", "decimals": null}, "GeometryZ_info": {"description": "Series used for Z geometry", "display_level": 1, "display_name": "Series used for Z geometry", "display_position": 1017, "constraint_is_active": false, "units": "", "decimals": null}, "GeometryZ_rotation_deg": {"description": "Geometrie: lengte Z (in-plane rotatie)", "display_level": 1, "display_name": "Geometrie: in-plane beeldrotatie voor lengte Z", "display_position": 1016, "constraint_is_active": false, "units": "graden", "decimals": 1}, "Scanner_software_version": {"description": "MR scanner software version", "display_level": 1, "display_name": "Scanner software version", "display_position": 990, "constraint_is_active": false, "units": "", "decimals": null}, "B0_map": {"description": "", "display_level": 2, "display_name": "", "display_position": 0, "constraint_is_active": false, "units": "", "decimals": null}, "Ghosting": {"description": "", "display_level": 2, "display_name": "", "display_position": 0, "constraint_is_active": false, "units": "", "decimals": null}, "GeometryXY_edges": {"description": "", "display_level": 1, "display_name": "", "display_position": 0, "constraint_is_active": false, "units": "", "decimals": null}, "GeometryXY_fit": {"description": "", "display_level": 2, "display_name": "", "display_position": 0, "constraint_is_active": false, "units": "", "decimals": null}, "GeometryZ_edges": {"description": "", "display_level": 1, "display_name": "", "display_position": 0, "constraint_is_active": false, "units": "", "decimals": null}, "GeometryZ_fit": {"description": "", "display_level": 2, "display_name": "", "display_position": 0, "constraint_is_active": false, "units": "", "decimals": null}, "ImageUniformity": {"description": "", "display_level": 1, "display_name": "", "display_position": 0, "constraint_is_active": false, "units": "", "decimals": null}, "SNR_rois": {"description": "", "display_level": 1, "display_name": "", "display_position": 0, "constraint_is_active": false, "units": "", "decimals": null}, "GhostingPhaseEncodingDirection": {"description": "Fase-coderingsrichting", "display_level": 1, "display_name": "Ghosting: fase-coderingsrichting", "display_position": 1052, "constraint_is_active": false, "units": "", "decimals": null}, "RF_TransmitterAmplitude": {"description": "Transmitter: amplitude", "display_level": 2, "display_name": "Transmitter: amplitude", "display_position": 1080, "constraint_is_active": true, "units": "", "constraint_refminlowhighmax": [292, -30, -15, 15, 30], "decimals": 0}, "GeometryXY Centre": {"description": "ROI centre for XY geometry", "display_level": 1, "display_name": "ROI centre for XY geometry", "display_position": 1011, "constraint_is_active": false, "units": "pixels", "decimals": null}}, "metaformat": "20180910"}